id,position,active_region,active_region_info,ucsc_link
chr1_3703963_INS_ME_ALU,chr1:3703963-3703963,True,"4_Tx,5_TxWk",http://genome.ucsc.edu/cgi-bin/hgTracks?db=hg19&position=chr1:3703963-3703963
chr1_8929303_INS_ME_ALU,chr1:8929303-8929303,True,"3_TxFlnk,4_Tx,5_TxWk",http://genome.ucsc.edu/cgi-bin/hgTracks?db=hg19&position=chr1:8929303-8929303
chr1_17230354_INS_ME_ALU,chr1:17230354-17230354,True,2_TssAFlnk,http://genome.ucsc.edu/cgi-bin/hgTracks?db=hg19&position=chr1:17230354-17230354
chr1_40524704_INS_ME_ALU,chr1:40524704-40524704,True,"2_TssAFlnk,3_TxFlnk",http://genome.ucsc.edu/cgi-bin/hgTracks?db=hg19&position=chr1:40524704-40524704
chr1_41502725_INS_ME_LINE1,chr1:41502725-41502725,True,"4_Tx,5_TxWk",http://genome.ucsc.edu/cgi-bin/hgTracks?db=hg19&position=chr1:41502725-41502725
chr1_100938616_INS_ME_ALU,chr1:100938616-100938616,True,"4_Tx,5_TxWk",http://genome.ucsc.edu/cgi-bin/hgTracks?db=hg19&position=chr1:100938616-100938616
chr1_150200138_INS_ME_ALU,chr1:150200138-150200138,True,"4_Tx,5_TxWk",http://genome.ucsc.edu/cgi-bin/hgTracks?db=hg19&position=chr1:150200138-150200138
chr1_166834320_INS_ME_ALU,chr1:166834320-166834320,True,"4_Tx,5_TxWk",http://genome.ucsc.edu/cgi-bin/hgTracks?db=hg19&position=chr1:166834320-166834320
chr1_166835663_INS_ME_LINE1,chr1:166835663-166835663,True,"4_Tx,5_TxWk",http://genome.ucsc.edu/cgi-bin/hgTracks?db=hg19&position=chr1:166835663-166835663
chr1_169339008_INS_ME_ALU,chr1:169339008-169339008,True,"4_Tx,5_TxWk",http://genome.ucsc.edu/cgi-bin/hgTracks?db=hg19&position=chr1:169339008-169339008
chr1_172527329_INS_ME_ALU,chr1:172527329-172527329,True,"4_Tx,5_TxWk",http://genome.ucsc.edu/cgi-bin/hgTracks?db=hg19&position=chr1:172527329-172527329
chr1_198243300_INS_ME_ALU,chr1:198243300-198243300,True,5_TxWk,http://genome.ucsc.edu/cgi-bin/hgTracks?db=hg19&position=chr1:198243300-198243300
chr1_198269815_INS_ME_ALU,chr1:198269815-198269815,True,"4_Tx,5_TxWk",http://genome.ucsc.edu/cgi-bin/hgTracks?db=hg19&position=chr1:198269815-198269815
chr1_209946055_INS_ME_ALU,chr1:209946055-209946055,True,"3_TxFlnk,4_Tx,5_TxWk",http://genome.ucsc.edu/cgi-bin/hgTracks?db=hg19&position=chr1:209946055-209946055
chr1_223987902_INS_ME_ALU,chr1:223987902-223987902,True,"4_Tx,5_TxWk",http://genome.ucsc.edu/cgi-bin/hgTracks?db=hg19&position=chr1:223987902-223987902
chr1_230241594_INS_ME_LINE1,chr1:230241594-230241594,True,"2_TssAFlnk,3_TxFlnk,5_TxWk",http://genome.ucsc.edu/cgi-bin/hgTracks?db=hg19&position=chr1:230241594-230241594
chr2_9591111_INS_ME_ALU,chr2:9591111-9591111,True,"4_Tx,5_TxWk",http://genome.ucsc.edu/cgi-bin/hgTracks?db=hg19&position=chr2:9591111-9591111
chr2_26012148_INS_ME_ALU,chr2:26012148-26012148,True,"4_Tx,5_TxWk",http://genome.ucsc.edu/cgi-bin/hgTracks?db=hg19&position=chr2:26012148-26012148
chr2_37434662_INS_ME_ALU,chr2:37434662-37434662,True,"4_Tx,5_TxWk",http://genome.ucsc.edu/cgi-bin/hgTracks?db=hg19&position=chr2:37434662-37434662
chr2_39043732_INS_ME_SVA,chr2:39043732-39043732,True,"4_Tx,5_TxWk",http://genome.ucsc.edu/cgi-bin/hgTracks?db=hg19&position=chr2:39043732-39043732
chr2_44157374_INS_ME_ALU,chr2:44157374-44157374,True,"4_Tx,5_TxWk",http://genome.ucsc.edu/cgi-bin/hgTracks?db=hg19&position=chr2:44157374-44157374
chr2_45775306_INS_ME_ALU,chr2:45775306-45775306,True,"4_Tx,5_TxWk",http://genome.ucsc.edu/cgi-bin/hgTracks?db=hg19&position=chr2:45775306-45775306
chr2_53918748_INS_ME_LINE1,chr2:53918748-53918748,True,"4_Tx,5_TxWk",http://genome.ucsc.edu/cgi-bin/hgTracks?db=hg19&position=chr2:53918748-53918748
chr2_97875444_INS_ME_LINE1,chr2:97875444-97875444,True,"4_Tx,5_TxWk",http://genome.ucsc.edu/cgi-bin/hgTracks?db=hg19&position=chr2:97875444-97875444
chr2_105959016_INS_ME_ALU,chr2:105959016-105959016,True,"4_Tx,5_TxWk",http://genome.ucsc.edu/cgi-bin/hgTracks?db=hg19&position=chr2:105959016-105959016
chr2_112975630_INS_ME_LINE1,chr2:112975630-112975630,True,5_TxWk,http://genome.ucsc.edu/cgi-bin/hgTracks?db=hg19&position=chr2:112975630-112975630
chr2_128023863_INS_ME_ALU,chr2:128023863-128023863,True,"4_Tx,5_TxWk",http://genome.ucsc.edu/cgi-bin/hgTracks?db=hg19&position=chr2:128023863-128023863
chr2_191116473_INS_ME_ALU,chr2:191116473-191116473,True,"4_Tx,5_TxWk",http://genome.ucsc.edu/cgi-bin/hgTracks?db=hg19&position=chr2:191116473-191116473
chr3_15631908_INS_ME_ALU,chr3:15631908-15631908,True,"4_Tx,5_TxWk",http://genome.ucsc.edu/cgi-bin/hgTracks?db=hg19&position=chr3:15631908-15631908
chr3_33888912_INS_ME_ALU,chr3:33888912-33888912,True,"4_Tx,5_TxWk",http://genome.ucsc.edu/cgi-bin/hgTracks?db=hg19&position=chr3:33888912-33888912
chr3_37361602_INS_ME_ALU,chr3:37361602-37361602,True,"4_Tx,5_TxWk",http://genome.ucsc.edu/cgi-bin/hgTracks?db=hg19&position=chr3:37361602-37361602
chr3_37414977_INS_ME_SVA,chr3:37414977-37414977,True,"4_Tx,5_TxWk",http://genome.ucsc.edu/cgi-bin/hgTracks?db=hg19&position=chr3:37414977-37414977
